Cause-Effect(e1,e2)	The <e1> tsunami </e1> resulted in significant property <e2> damage </e2> but only two fatalities in RS .
Entity-Origin(e1,e2)	Tub drains clog up with hair and the <e1> grease </e1> from <e2> soap </e2> and must be cleaned out occasionally .
Member-Collection(e1,e2)	This is the basic household return , filled in and signed by the <e1> head </e1> of the <e2> household </e2> .
Entity-Destination(e1,e2)	The <e1> pollution </e1> is being spread to <e2> air </e2> rapidly .
Entity-Destination(e1,e2)	A few space <e1> probes </e1> have been placed into <e2> orbit </e2> around other bodies .
Member-Collection(e2,e1)	American warships , which , in addition to opening Japan 's borders with their show of military supremacy , brought along a <e1> troupe </e1> of blackface <e2> minstrels </e2> as entertainment .
Entity-Destination(e1,e2)	The researchers inserted <e1> caffeine </e1> into baked <e2> goods </e2> .
Product-Producer(e2,e1)	Gee 's Bend <e1> men </e1> and women grew cotton , peanuts , okra , corn , peas and <e2> potatoes </e2> .
Component-Whole(e1,e2)	The <e1> roots </e1> of your <e2> teeth </e2> are fixed into a socket in your jawbone .
Message-Topic(e1,e2)	One of the trickiest <e1> questions </e1> to answer in an interview relates to <e2> salary </e2> .
Entity-Destination(e1,e2)	After the source material and substrates were arranged , the small quartz <e1> tube </e1> was placed inside the 50-cm-long horizontal tube <e2> furnace </e2> .
Cause-Effect(e2,e1)	<e1> Injury </e1> of patients of the Bikini accident has been caused by the <e2> radiation </e2> of the fallout in contrast to the atomic bomb injury at Hiroshima and Nagasaki .
Entity-Origin(e1,e2)	The <e1> colours </e1> were similarly derived from the <e2> stylesheet </e2> .
Component-Whole(e2,e1)	An expansion <e1> tank </e1> has a vertically set up <e2> cylinder </e2> with a float therein , which forms a separating element between water and gas in the cylinder .
Other	The wooden <e1> rod </e1> is attached to the <e2> arm </e2> of the chair , which on my chair has an L-shaped opening -LRB- corner -RRB- under the armrest .
Entity-Origin(e1,e2)	For the zillionth time in a Hindi film , a <e1> bride </e1> runs away from the <e2> pheras </e2> on her wedding day .
Component-Whole(e2,e1)	I found a <e1> lover </e1> with a slow <e2> hand </e2> .
Cause-Effect(e2,e1)	Gaza following the widespread <e1> destruction </e1> caused by the Israeli <e2> invasion </e2> .
Instrument-Agency(e2,e1)	The <e1> motor </e1> turns the panel with the help of the mechanical transmission <e2> system </e2> .
Cause-Effect(e2,e1)	Reducing the <e1> harm </e1> caused by the <e2> War </e2> on Drugs is a big task .
Entity-Origin(e1,e2)	The <e1> puppy </e1> was born in a <e2> barn </e2> where Layla made a soft , bed out of hay in an empty horse stall .
Content-Container(e1,e2)	When he arrived at 1 p.m. , the poor <e1> animal </e1> was in a <e2> crate </e2> for five hours .
Member-Collection(e2,e1)	Someone with a sense of humour decided to help a <e1> lodge </e1> of <e2> beavers </e2> in neighbouring Renfrew organize their own campaign .
Instrument-Agency(e1,e2)	I conducted a training seminar on energy efficiency best <e1> practices </e1> for <e2> engineers </e2> at the Pune Municipal Corporation .
Component-Whole(e1,e2)	Earl turned and leaned on the <e1> railing </e1> of the <e2> balcony </e2> .
Product-Producer(e1,e2)	One of the most important ostraca found at Mesad Hashavyahu is a written <e1> appeal </e1> by a field <e2> worker </e2> to the fortress 's governor .
Member-Collection(e2,e1)	Bella Strings is a professional string <e1> ensemble </e1> of passionate <e2> musicians </e2> performing in the greater Orlando area and across Central Florida .
Entity-Origin(e1,e2)	A number of <e1> papers </e1> have emanated from this <e2> laboratory </e2> on the chemistry of dl-pinonic acid -LRB- I , -RRB- and dl-pinolic acid -LRB- II.A -RRB- .
Instrument-Agency(e2,e1)	The <e1> researcher </e1> started the slide show with a blue <e2> slide </e2> showing an overview of all episodes of the task and left the adolescent alone .
Entity-Destination(e1,e2)	The deputy called for backup , and placed the <e1> suspect </e1> in a <e2> patrol car </e2> .
Cause-Effect(e1,e2)	<e1> Constipation </e1> is the most common cause of <e2> abdominal pain </e2> in the pediatric population .
Component-Whole(e1,e2)	A cable or rode is the rope , chain , or combination thereof used to connect the <e1> anchor </e1> to the <e2> vessel </e2> .
Product-Producer(e2,e1)	Caryn James , a film <e1> critic </e1> for The New York Times , has just completed a <e2> novel </e2> .
Other	They have thrown <e1> mankind </e1> into deeper <e2> bondage </e2> than ever .
Cause-Effect(e2,e1)	I used to get terrible <e1> headaches </e1> from sinus and <e2> infections </e2> that resulted in taking antibiotics a few times a year .
Member-Collection(e2,e1)	Sometimes their way led them under the shade of an overhanging bank or through the thin obscurity of a <e1> clump </e1> of leafless <e2> trees </e2> .
Cause-Effect(e2,e1)	On the other hand , the higher the <e1> satisfaction </e1> from the <e2> purchase </e2> , the greater the benefit of word-of-mouth referrals and repeat purchasing .
Component-Whole(e1,e2)	Drawing my bow across the string sometimes results in the <e1> stick </e1> of the <e2> bow </e2> bouncing/vibrating up and down .
Entity-Origin(e1,e2)	The current <e1> band </e1> arrived from the Lafayette <e2> competition </e2> .
Other	It utilized a critical eye and free <e1> inquiry </e1> into the <e2> conditions </e2> of life and issues of morality .
Member-Collection(e2,e1)	An emerging <e1> bratpack </e1> of young female <e2> pornographers </e2> is storming the market and challenging lads ' magazines such as FHM and Esquire . .
Instrument-Agency(e1,e2)	The <e1> pliers </e1> belong to John 's <e2> electrician </e2> .
Other	My <e1> credit card bill </e1> is approaching its <e2> limits </e2> .
Member-Collection(e2,e1)	There are enough gills there to serve the oxygen demands of an entire <e1> shiver </e1> of whale <e2> sharks </e2> .
Product-Producer(e2,e1)	Then after that the <e1> angels </e1> chopped him into millions of <e2> pieces </e2> , but still he glittered and hummed .
Other	I stand here above the twisting gorge the <e1> winds </e1> have carved out of the <e2> sand </e2> .
Instrument-Agency(e1,e2)	The authors take us on an extraordinary journey , from the depths of the ocean to the <e1> net </e1> of a <e2> fisherman </e2> .
Content-Container(e1,e2)	He sent his love a <e1> letter </e1> with <e2> confetti hearts </e2> inside of the letter so they pour out everywhere when his sweetheart opens it .
Cause-Effect(e2,e1)	The reference clock <e1> signal </e1> originates from an internal clock <e2> source </e2> .
Component-Whole(e1,e2)	The top half of the network belongs to the <e1> engine </e1> of the <e2> refrigerator </e2> .
Message-Topic(e1,e2)	A large <e1> diagram </e1> illustrated the <e2> principle </e2> of this apparatus .
Cause-Effect(e2,e1)	I have an additional concern about body exposure to any electromagnetic <e1> radiation </e1> , from <e2> computers </e2> and cell phones held next to the body .
Content-Container(e1,e2)	Also missing was a 38 caliber Smith & Wesson <e1> gun </e1> that was in a <e2> suitcase </e2> in the tractor .
Other	A <e1> gunman </e1> pumped a bullet into his right <e2> leg </e2> and fled his Northwest Side convenience store with several hundred dollars .
Member-Collection(e2,e1)	The street outside the side entrance was decked , however , with three limousines double-parked and a <e1> squad </e1> of motorcycle <e2> policemen </e2> stood at the door .
Cause-Effect(e2,e1)	I have been talking extensively here about the <e1> disruption </e1> that has been caused by the Brazilian Air Traffic Controllers white <e2> strike </e2> .
Other	These include the tapping of the package , the way one holds their cigarette , the oral gratification , and the easy social <e1> camaraderie </e1> of <e2> smokers </e2> on a break .
Component-Whole(e2,e1)	The first parcel he found was a <e1> rouleau </e1> of fifty <e2> dollars </e2> , the coins not having burst the paper enveloping them .
Cause-Effect(e2,e1)	Relena 's head was bowed , though the <e1> heat </e1> was radiating from the young <e2> princess </e2> in waves .
Cause-Effect(e2,e1)	Voltage <e1> surges </e1> or spikes are caused by <e2> lightning </e2> , short circuits , power company equipment problems , and inductive spikes , among many other causes .
Cause-Effect(e2,e1)	We planetary citizens have a unique capacity for <e1> ecstasy </e1> from <e2> repetition </e2> - especially when it comes from drumming .
Other	Murmur of Water , Kuttimuratov 's other piece I photographed for you , shows the Zoroastrian <e1> goddess </e1> of water with a <e2> fish </e2> .
Cause-Effect(e2,e1)	Global warming <e1> pollution </e1> from <e2> cars </e2> , light trucks and SUV 's is the single largest source of global warming pollution generated in Maine .
Message-Topic(e2,e1)	The <e1> government </e1> has run into a <e2> criticism </e2> after quietly closing its grant programme for solar energy last week .
Component-Whole(e1,e2)	Metals , on the other hand , reflect these radio waves , a characteristic very cleverly put to use in the <e1> walls </e1> of the <e2> microwave </e2> such that no waves escape .
Component-Whole(e2,e1)	The lower portion of the <e1> building </e1> contained hundreds of <e2> storage rooms </e2> .
Instrument-Agency(e2,e1)	The <e1> workman </e1> stirs the ore with a <e2> hoe </e2> or an iron rake , back and forward across the hearth , moving it from the bridge toward the flue and back .
Entity-Destination(e1,e2)	The <e1> meeting </e1> was postponed to a <e2> later date </e2> .
Cause-Effect(e2,e1)	The court found proof that the fatal <e1> fire </e1> was caused by the <e2> dryer </e2> .
Instrument-Agency(e1,e2)	A <e1> van </e1> used by <e2> debtors </e2> in the business of transporting passengers was a tool of the trade for lien avoidance purposes .
Product-Producer(e1,e2)	Starting a <e1> food </e1> and beverage <e2> company </e2> from scratch requires a lot of planning and research .
Message-Topic(e1,e2)	This <e1> document </e1> reflects the best browser <e2> settings </e2> for use with a Macintosh system .
Instrument-Agency(e1,e2)	Tarps Plus has the best <e1> tarps </e1> for <e2> painters </e2> on the market .
Cause-Effect(e2,e1)	But in 1993 , Montalban had a 10-hour surgery to try to alleviate the pain and <e1> discomfort </e1> from this <e2> injury </e2> .
Content-Container(e1,e2)	When it arrived , the <e1> kapok fiber </e1> was sealed in vinyl <e2> plastic packets </e2> to prevent exposure to the water .
Message-Topic(e1,e2)	Lucy , Ali and Beth produced a photo <e1> story board </e1> to tell the <e2> story </e2> of the legend of the drift .
Entity-Origin(e1,e2)	The Kursk -LRB- RBMK -RRB- <e1> reactor </e1> was manufactured in a slurry-fed ceramic Joule-heated glass <e2> melter </e2> .
Entity-Destination(e1,e2)	The manager has added background text <e1> watermarks </e1> into the existing PDF <e2> file </e2> .
Cause-Effect(e1,e2)	The <e1> earthquake </e1> caused a bulrush <e2> marsh </e2> at West Point , on the Puget Sound shore in Seattle , to drop and the tsunami deposited sand on top of the marsh .
Member-Collection(e2,e1)	I was hoping to find yet another <e1> bed </e1> of <e2> clams </e2> , but no luck .
Content-Container(e2,e1)	There is a <e1> suitcase </e1> full of <e2> money </e2> , which is being auctioned off .
Component-Whole(e1,e2)	An old lady was standing at the <e1> railing </e1> of the cruise <e2> ship </e2> holding her hat on tight , so that it would not blow off in the wind .
Cause-Effect(e2,e1)	In a two-mirror telescope equipped with an active optics system usually M2 is used to correct the <e1> aberrations </e1> originated by optical <e2> reasons </e2> , i.e. defocus and coma .
Entity-Origin(e1,e2)	The imams were removed from a US Airways <e1> flight </e1> awaiting departure from the Minneapolis-St . Paul <e2> airport </e2> .
Entity-Destination(e1,e2)	The operator drained the <e1> outfall </e1> into the <e2> curb </e2> .
Product-Producer(e2,e1)	The <e1> foundry </e1> utilizes the best horizontal parted molding line for the manufacturing of street <e2> castings </e2> and features the best environmental control technology available .
Instrument-Agency(e1,e2)	Brainwashing <e1> techniques </e1> were used by some British <e2> interrogators </e2> during World War II .
Instrument-Agency(e2,e1)	<e1> Dentists </e1> use <e2> sedation </e2> in order to provide an anxiety-free dental experience .
Entity-Origin(e1,e2)	This <e1> plane </e1> taxied back from <e2> runway </e2> 22R to business apron after aborted takeoff .
Entity-Destination(e1,e2)	It is because Schiavo can not swallow that a feeding <e1> tube </e1> was inserted directly into her <e2> stomach </e2> .
Product-Producer(e2,e1)	The <e1> scientist </e1> synthesizes a <e2> copy </e2> of the magical red ball by using a few fragments that were left on the grandfather 's hand .
Member-Collection(e2,e1)	There 's a <e1> pitying </e1> of <e2> turtledoves </e2> cooing to their mate .
Member-Collection(e2,e1)	In a former residence , your writer had an atrium containing a <e1> duel </e1> of doves <e2> moles </e2> numbering 22 .
Cause-Effect(e2,e1)	The <e1> dryer </e1> emits <e2> air </e2> that is regulated close to your body temperature .
Message-Topic(e1,e2)	The <e1> lawsuit </e1> alleged the release of the records was a <e2> violation </e2> of the Video Privacy Protection Act .
Content-Container(e2,e1)	I carried a <e1> bag </e1> with <e2> condoms </e2> in it , and I gave them out .
Cause-Effect(e2,e1)	Once they grow there , the <e1> swelling </e1> and inflammation caused by the <e2> infection </e2> closes off the sac , causing it not to `` shed '' bacteria , and protecting the bacteria inside from antibiotics and your body 's own immune cells .
Component-Whole(e1,e2)	Isolated fractures of the <e1> shaft </e1> of the <e2> ulna </e2> , without other fractures , often result when the forearm is raised to fend off a blow .
Other	In the end what was left of the city was <e1> miles </e1> from the <e2> sea </e2> , and many of the inhabitants left swampy lowland to live in the surrounding hills .
Member-Collection(e2,e1)	There was a whole <e1> cohort </e1> of young <e2> professionals </e2> working to establish themselves .
Other	These <e1> loans </e1> are travelling into <e2> foreclosure </e2> significantly slower than conventional loans .
Other	In the beginning , a <e1> fire </e1> started from the ring <e2> area </e2> of a crude oil storage tank -LRB- 33000kl -RRB- .
Message-Topic(e1,e2)	In his <e1> remarks </e1> , he described his <e2> call </e2> to Bush while the U.S. president was giving a speech in Philadelphia .
Entity-Destination(e1,e2)	Two days later , the salt water <e1> fish </e1> was put into a fresh water <e2> pound </e2> .
Component-Whole(e1,e2)	Preferably , the fuse is foreseen between the <e1> pin </e1> of the <e2> plug </e2> which projects to the outside and the inner connector of the plug .
Instrument-Agency(e2,e1)	The whole thing was cleaned up by the <e1> mechanic </e1> with a high pressure <e2> hose </e2> .
Cause-Effect(e2,e1)	The risks of this procedure include anesthesia complications , post-operative difficulty breathing , and <e1> sore throat </e1> from <e2> intubation </e2> .
Other	The <e1> granules </e1> and the pebbles are caused by a <e2> magnetic force </e2> to collide with one another , thereby resulting in liberation of the oxygen molecules contained in the granules and the pebbles .
Cause-Effect(e2,e1)	The cheering and <e1> screaming </e1> after the <e2> victory </e2> had hardly died down when Marilyn Kelly proclaimed `` Party at my house ! '' .
Content-Container(e2,e1)	The <e1> fruit basket </e1> contained <e2> apples </e2> , oranges and bananas .
Cause-Effect(e1,e2)	A <e1> shortage </e1> of folate cause megaloblastic <e2> anemia </e2> , where red blood cells are large and pale .
Instrument-Agency(e2,e1)	The <e1> artists </e1> carve away the surface with a <e2> chisel </e2> .
Component-Whole(e1,e2)	The <e1> intestines </e1> and appendix are part of the <e2> gastrointestinal system </e2> .
Message-Topic(e1,e2)	That <e1> episode </e1> also reflected on the 1992 Los Angeles <e2> riots </e2> .
Cause-Effect(e2,e1)	Currently , there is no known cure for asbestos cancer but several mesothelioma treatment regimens have proven to be successful in helping the patient avoid <e1> pain </e1> and discomfort caused by the <e2> disease </e2> .
Cause-Effect(e2,e1)	Every child and young person seen at Starship with <e1> intoxication </e1> from alcohol or illicit <e2> drug use </e2> had a social work assessment before leaving the hospital .
Content-Container(e2,e1)	So with my little <e1> bag </e1> full of <e2> buttons </e2> , I faced the cold , blustery day to carry out some of these lovely ideas .
Other	The typical flu <e1> infection </e1> starts with <e2> fever </e2> , muscular pains , headache and general fatigue .
Cause-Effect(e2,e1)	The <e1> radiation </e1> from the atomic <e2> bomb explosion </e2> is a typical acute radiation .
Other	The frog is the environmental <e1> indicator </e1> of the <e2> land </e2> , but University of Queensland researchers reckon when it comes to the sea , we should look to the turtle .
Content-Container(e1,e2)	The <e1> newspaper </e1> was being kept in a <e2> box </e2> .
Content-Container(e1,e2)	Her naked and decomposing <e1> body </e1> was discovered inside a locked <e2> cupboard </e2> in an Auckland building .
Entity-Origin(e1,e2)	The <e1> plane </e1> took off from an <e2> airport </e2> in Duval County , Florida on Saturday .
Component-Whole(e2,e1)	I am looking for <e1> jeans </e1> with a <e2> zipper </e2> all the way from the waistband in front to the waistband in the back .
Message-Topic(e1,e2)	The <e1> show </e1> tackled many serious <e2> issues </e2> .
Message-Topic(e2,e1)	This predictable <e1> dynamic </e1> has recently been established in the research <e2> literature </e2> .
Cause-Effect(e2,e1)	Instead , <e1> criminal law </e1> is set out in a diverse <e2> range </e2> of statutes and court decisions .
Instrument-Agency(e2,e1)	The <e1> citizen </e1> observed the robbery through the store <e2> window </e2> and was assaulted by Chaplin as he left the store .
Component-Whole(e1,e2)	Woz has outfitted the house with an elaborate <e1> swimming pool </e1> that extends inside the <e2> house </e2> by way of an underwater channel .
Member-Collection(e2,e1)	In December , 1216 , Pope Honorius III -LRB- 1216 - 1227 -RRB- , the successor of Innocent III , approved Dominic 's plan for an <e1> order </e1> of contemplative <e2> preachers </e2> exercising the priestly ministry and living in mendicant poverty .
Product-Producer(e1,e2)	The PI <e1> login </e1> is created by the <e2> administrator </e2> .
Product-Producer(e1,e2)	Bollywood stunner Koena Mitra sashayed down the ramp in a stunning <e1> creation </e1> by the <e2> designer </e2> .
Message-Topic(e1,e2)	The <e1> report </e1> informed about <e2> casualties </e2> in the area .
Entity-Origin(e1,e2)	The <e1> name </e1> of the aquarium was derived from a public <e2> vote </e2> amongst Japanese people .
Other	This <e1> meeting </e1> of devoted <e2> friends </e2> and lovers served as the foundation of the NAMES Project AIDS Memorial Quilt .
Other	A White House <e1> usher </e1> prepares the blue <e2> room </e2> for a luncheon for the European Commission .
Message-Topic(e1,e2)	The <e1> list </e1> highlighted the best new music <e2> talent </e2> for the new year .
Member-Collection(e2,e1)	Just 18 months ago , the New York Times Magazine ran a cover story depicting progressive bloggers as a <e1> band </e1> of unkempt <e2> outsiders </e2> .
Entity-Origin(e1,e2)	He poured all the <e1> water </e1> he got out from the <e2> oven </e2> and went tothe boyer .
Member-Collection(e2,e1)	The democrats are competing for positions in the <e1> college </e1> of <e2> electors </e2> .
Other	A single <e1> blow </e1> made with the <e2> chisel </e2> angled incorrectly cracks a block or break a delicate protrusion .
Content-Container(e1,e2)	The club 's president saw the <e1> money </e1> that was inside a <e2> box </e2> .
Entity-Origin(e1,e2)	The <e1> energy </e1> originates from an external <e2> source </e2> of light , which is absorbed and almost immediately emitted .
Entity-Destination(e1,e2)	<e1> People </e1> have travelled into <e2> space </e2> , but not the deep ocean .
Entity-Origin(e1,e2)	Interspersed in the design are <e1> patterns </e1> derived from a variety of <e2> textiles </e2> .
Cause-Effect(e2,e1)	The <e1> discomfort </e1> from the <e2> injury </e2> was now precluding him from his occupation which involved prolonged procedures in the standing position .
Instrument-Agency(e2,e1)	Self-educated Malawi <e1> Boy </e1> builds windmills out of <e2> junk </e2> .
Other	The Earth 's thin , rocky <e1> crust </e1> is composed of <e2> silicon </e2> , aluminum , calcium , sodium and potassium .
Component-Whole(e1,e2)	The <e1> pins </e1> of this <e2> socket </e2> are as thick as the pins of an IC .
Other	However , the <e1> emperor </e1> took advantage of the <e2> gathering </e2> to determine the order and organization of the church .
Message-Topic(e1,e2)	This famous Chinese <e1> fable </e1> describes a <e2> fox </e2> , who visits chickens and brings presents .
Product-Producer(e1,e2)	In this <e1> work </e1> the <e2> researchers </e2> , for the first time , attest that monopoles exist as emergent states of matter , i.e. they emerge from special arrangements of dipoles and are completely different from the constituents of the material .
Cause-Effect(e2,e1)	The <e1> compromise </e1> resolved the crisis through a series of secret <e2> negotiations </e2> involving Republican and Democratic politicians and various interest groups .
Entity-Origin(e1,e2)	The local industry was virtually demolished that year as other <e1> agencies </e1> bailed out of a <e2> country </e2> whose business practices were becoming increasingly corrupt and dangerous for foreign executives .
Product-Producer(e2,e1)	In early October , Anwar al-Awlaki , a radical <e1> cleric </e1> based in Yemen , posted a provocative <e2> message </e2> on his English-language Web site .
Other	But none of this was really necessary , because you just head for the largest <e1> building </e1> ever created by <e2> man </e2> .
Instrument-Agency(e1,e2)	Without doubt , this is one of the best <e1> books </e1> for <e2> artists </e2> available .
Member-Collection(e2,e1)	And look , there goes a good <e1> stand </e1> of golden <e2> plovers </e2> , right clean away from the foreshores .
Cause-Effect(e2,e1)	<e1> Smoke </e1> from wood <e2> fires </e2> in Tutbury Castle in Nottingham was considered unendurable by Eleanor of Aquitaine , wife of Henry II , causing her to move out in 1157 .
Other	The Jungle Book , because of its moral tone , came to be used as a motivational <e1> book </e1> by the <e2> movement </e2> .
Product-Producer(e1,e2)	Early in the <e1> book </e1> , the <e2> authors </e2> review why the groundswell is taking off and how to participate , and they identify the `` tools '' - blogs , wikis and so on - that drive the groundswell .
Message-Topic(e1,e2)	Zhao Guoxiang in his <e1> speech </e1> pointed out that this <e2> competition </e2> is an important measure for the cultivation of academic atmosphere .
Entity-Origin(e1,e2)	Some <e1> content </e1> from the <e2> encyclopedia </e2> became a part of Microsoft 's Encarta digital encyclopedia .
Component-Whole(e1,e2)	The <e1> facades </e1> of the <e2> palace </e2> consist of beautifully decorated wooden doors and windows and ventilations in addition to decorated gypsum motifs .
Instrument-Agency(e1,e2)	Other keyed string <e1> instruments </e1> , small enough to be held by a strolling <e2> player </e2> , include the plucked autoharp , the bowed nyckelharpa , and the hurdy gurdy , which is played by cranking a rosined wheel .
Other	Sometimes the best <e1> blogging </e1> is going on well away from the most visible <e2> places </e2> .
Entity-Origin(e1,e2)	The sisters are teenage <e1> refugees </e1> from a violent <e2> home </e2> , living alone in a faded Victorian mansion where they survive by creating a closed world centered around each other and their new friends -- a rowdy makeshift family of castoffs , dealers , and drama queens on the periphery of the burgeoning drug game , some looking for a way out , some looking for a way deeper in .
Component-Whole(e1,e2)	As a noun , a <e1> tag </e1> is a basic element of the <e2> languages </e2> used to create web pages -LRB- HTML -RRB- and similar languages such as XML .
Component-Whole(e2,e1)	What is so amazing about this technology is that the <e1> image </e1> is constructed from random <e2> photos </e2> pulled from the Internet .
Other	The following <e1> activity </e1> involves surveying the child health <e2> resources </e2> available in your group 's community .
Member-Collection(e2,e1)	There 's a <e1> trembling </e1> of <e2> finches </e2> on my lawn .
Product-Producer(e2,e1)	An elite U.S. Army study <e1> center </e1> has devised a <e2> plan </e2> for enforcing a major Israeli-Palestinian peace accord that requires about 20000 well-armed troops .
Other	<e1> Mitochondria </e1> were passed on to subsequent <e2> generations </e2> only through egg cells .
Entity-Destination(e1,e2)	The sailors threw <e1> tea </e1> into the Boston <e2> harbor </e2> .
Instrument-Agency(e2,e1)	The Harper brothers were blindfolded , and swung most of their punches into the air as <e1> seconds </e1> punched them with <e2> gloves </e2> attached to long poles .
Member-Collection(e2,e1)	The Free States of Alaska is a loose <e1> confederation </e1> of various <e2> species </e2> of bears in the far northern lands and outlands of Megatexas .
Other	The <e1> patient </e1> is kept in the <e2> hospital </e2> one night for observation .
Entity-Destination(e1,e2)	This machine is blowing <e1> sand </e1> into <e2> molds </e2> .
Content-Container(e1,e2)	<e1> Fruit </e1> is held in a <e2> chute </e2> or on pack or rotary tables prior to being loaded into a carton .
Entity-Origin(e2,e1)	The Tuxtlas <e1> area </e1> is the source of the olivine-augite <e2> basalts </e2> .
Component-Whole(e1,e2)	The red bead on the <e1> crank </e1> of the <e2> toy </e2> detaches , posing a choking hazard to young children .
Other	That <e1> decision </e1> was also the subject of an unsuccessful <e2> legal challenge </e2> .
Member-Collection(e2,e1)	Flames of purple , pink , yellow and blue dance in the air as a <e1> coven </e1> of <e2> sorcerers </e2> call forth energies from within the Empyrean .
Message-Topic(e1,e2)	His <e1> works </e1> criticize agricultural <e2> civilization </e2> as inherently oppressive .
Other	Including <e1> amenities </e1> such as <e2> kiosks </e2> create pedestrian-friendly spaces .
Instrument-Agency(e2,e1)	A <e1> girl </e1> plays her <e2> violin </e2> on a pogo stick .
Entity-Destination(e1,e2)	She placed the <e1> bread </e1> in a serving <e2> basket </e2> and passed it around the classroom .
Message-Topic(e1,e2)	Hitler expressed his <e1> disappointment </e1> over the Munich Agreement in a <e2> speech </e2> on 9 October 1938 .
Content-Container(e2,e1)	The <e1> envelope </e1> contained a single <e2> sheet </e2> of paper , describing an attempt to set the record for the world 's longest running chain letter .
Message-Topic(e1,e2)	The <e1> document </e1> makes reference to three similar <e2> incidents </e2> .
Content-Container(e1,e2)	The first <e1> bomb </e1> to explode in the main northwest city of Peshawar on Saturday was hidden in a <e2> car </e2> and devastated a street busy with traffic , shoppers and worshippers heading to mosques to pray .
Message-Topic(e1,e2)	The focus of any <e1> course </e1> is , however , art therapy <e2> theory </e2> .
Other	I love the sweet and salty <e1> combo </e1> of the watermelon <e2> salads </e2> that have been all over the food world lately .
Entity-Origin(e1,e2)	He had been as concerned about the 400 <e1> people </e1> who had left the <e2> ship </e2> as about those who remained aboard .
Member-Collection(e2,e1)	Like a <e1> battalion </e1> of medieval <e2> archers </e2> , these plasma cells let fly their antibodies , which travel to their targets on the outer surface of harmful bacteria .
Cause-Effect(e1,e2)	The <e1> man </e1> radiated <e2> jolliness </e2> .
Entity-Origin(e2,e1)	Although the <e1> goats </e1> were farmed for their <e2> fibre </e2> from early times it was not until the 16th century that export of the goats was permitted .
Product-Producer(e1,e2)	The ditch was dug and the <e1> rampart </e1> piled up by <e2> gangs </e2> of men working in sections .
Entity-Origin(e1,e2)	The standard soccer <e1> ball </e1> is made of synthetic <e2> leather </e2> , usually polyurethane or polyvinyl chloride , stitched around an inflated rubber or rubber-like bladder .
Instrument-Agency(e2,e1)	The other shows the <e1> goddess </e1> of justice as blindfolded , with a <e2> sword </e2> by her side .
Other	Antelope <e1> horns </e1> grows from the Southern California desert <e2> mountains </e2> across to Arkansas and up into Kansas .
Component-Whole(e2,e1)	The <e1> project </e1> comprises several <e2> phases </e2> including 19 miles of highway expansion .
Member-Collection(e2,e1)	A little ringed plover flew over the water at the bottom of the <e1> colony </e1> of <e2> vultures </e2> .
Cause-Effect(e2,e1)	Alfred Nobel created his <e1> fortune </e1> from the <e2> selling </e2> of explosives that utilized nitroglycerin .
Other	Such <e1> exemption </e1> also applies to <e2> goods </e2> supplied for use on ships and aircraft .
Content-Container(e1,e2)	He made his way inside , where the <e1> jewelry </e1> was locked in a <e2> safe </e2> for the night .
Content-Container(e1,e2)	The <e1> TV </e1> was in a <e2> cabinet </e2> that you can only see from the bed but not from the side because of the cabinet 's door .
Member-Collection(e2,e1)	He had a huge <e1> zoo </e1> of <e2> animals </e2> , savage beasts from the far parts of the world , but that was n't enough for him .
Content-Container(e2,e1)	The first aid <e1> pouch </e1> contained a <e2> package </e2> of sulfa powder and a bandage to dress the wound .
Component-Whole(e1,e2)	Heart , <e1> blood vessels </e1> , blood are parts of the <e2> circulatory system </e2> .
Content-Container(e1,e2)	The frozen <e1> spread </e1> was found in a <e2> sack </e2> in a former pony stable nearly a century after Captain Robert Scott 's mission to the South Pole .
Component-Whole(e2,e1)	This particular elliptical <e1> machine </e1> has a dual grip heart rate <e2> monitor </e2> so that when you get the Power Intensity Ramp on full stride you can keep track of how your heart is reacting to your workout .
Other	A <e1> handful </e1> of <e2> countries </e2> blocked a legally binding deal on climate change in Copenhagen and the talks process needs urgent reform to prevent something similar happening again .
Entity-Origin(e1,e2)	The <e1> residue </e1> was distilled from an Arbuzov <e2> flask </e2> .
Member-Collection(e2,e1)	This `` Miller 's dozen '' as I 'm calling our <e1> troubling </e1> of 11 <e2> goldfish </e2> was thought to have dwindled to only 5 or 6 by as soon as the first morning after their purchase .
Other	This is the <e1> site </e1> deep inside the <e2> earth </e2> where fault movement begin .
Other	While the curved shape resembles the gentle <e1> undulation </e1> of sand <e2> dunes </e2> , two raised starfish accent the border .
Other	Another good salad calls for a <e1> cupful </e1> of <e2> shrimps </e2> , cut in small pieces ; half a cupful of celery hearts diced small , and seasoning of pepper and salt .
Entity-Destination(e1,e2)	The boy inserted a <e1> coin </e1> into the <e2> machine </e2> and then took the ticket .
Other	While most of the experimental literature focuses on individual contributions , many real-world problems involve the <e1> formation </e1> of <e2> coalitions </e2> .
Message-Topic(e1,e2)	These <e1> ballads </e1> specialized in lampooning <e2> politicians </e2> and authority figures who encouraged Irishmen to fight in foreign wars .
Product-Producer(e1,e2)	I have long been an ardent admirer , user , and buyer of the <e1> knitwear </e1> produced by this excellent <e2> company </e2> based in the small borders town of Hawick .
Instrument-Agency(e2,e1)	The <e1> researchers </e1> took advantage of a natural <e2> experiment </e2> to compare school performance with varying degrees of competition .
Product-Producer(e1,e2)	This has made it much richer , rather like fried bread and altogether different from the crisp <e1> rectangles </e1> produced by the modern <e2> cook </e2> .
Cause-Effect(e1,e2)	The <e1> wire </e1> had caused a slight <e2> injury </e2> on the ventral side of the neck and at the base of horns .
Other	They often have a <e1> pump </e1> over the drainage <e2> hole </e2> to draw the waste water towards it .
Other	One of the <e1> types </e1> of tissue that makes up <e2> bone </e2> is the mineralized osseous tissue , also called bone tissue , that gives it rigidity and a honeycomb-like three-dimensional internal structure .
Message-Topic(e1,e2)	It was a friendly <e1> call </e1> to remind them about the <e2> bill </e2> and make sure they have a copy of the invoice .
Product-Producer(e1,e2)	The <e1> message </e1> was generated by the <e2> sender </e2> .
Entity-Destination(e1,e2)	The committee <e1> meetings </e1> have been rescheduled to <e2> tomorrow </e2> , January 17 .
Component-Whole(e1,e2)	The <e1> nasal cavity </e1> of <e2> birds </e2> contains turbinates -LRB- Bang 1971 -RRB- , cartilaginous structures that are thought to have as one of their functions water recovery from air .
Other	Consequently , <e1> play </e1> of a game starts in an initial <e2> state </e2> , at which players collect payoffs only if they remain in that state so that it becomes the final .
Cause-Effect(e1,e2)	<e1> Germs </e1> are microscopic organisms that cause sickness or <e2> disease </e2> .
Content-Container(e1,e2)	They still store the <e1> bottle </e1> in a chilling <e2> bucket </e2> or the refrigerator .
Member-Collection(e2,e1)	As we left , three liberated Frenchmen drove up in a car they had captured a few minutes before and tried to make their way through the <e1> jam </e1> of jabbering <e2> women </e2> .
Content-Container(e1,e2)	The <e1> holy water </e1> was in a <e2> bottle </e2> container in the form of the Virgin Mary .
Product-Producer(e2,e1)	The <e1> surgeon </e1> cuts a small <e2> hole </e2> in the skull and lifts the edge of the brain to expose the nerve .
Cause-Effect(e1,e2)	Defra identified the different <e1> noises </e1> made by <e2> dogs </e2> and the meanings behind them .
Member-Collection(e2,e1)	In addition to Weinstein , the band is comprised of a formidable <e1> array </e1> of <e2> luminaries </e2> .
Message-Topic(e1,e2)	The <e1> essay </e1> inquires into the <e2> origins </e2> , nature , and usage of the term in multiple contexts .
Cause-Effect(e2,e1)	Viral gastroenteritis is a highly contagious <e1> infection </e1> of the intestines caused by one of several <e2> viruses </e2> .
Entity-Origin(e1,e2)	Just like consulting a cookbook , starting out by using a <e1> recipe </e1> from a <e2> book </e2> or website is great .
Other	But the <e1> problem </e1> requires a broader <e2> solution </e2> - one that is consistent with the new U.S. commitment to cross-border cooperation .
Other	A remote <e1> slope </e1> of Nevado Mismi , a 5316 m peak , is the ultimate source of the <e2> river </e2> .
Entity-Origin(e1,e2)	The <e1> scream </e1> was coming from his own <e2> chambers </e2> ; he ran through them and drew to a halt at the doorway to Eirin 's room .
Entity-Destination(e1,e2)	It was he who threw <e1> rocks </e1> into the <e2> castle </e2> .
Other	The <e1> trip </e1> of two mountain <e2> goats </e2> to was also a subject for discussion .
Message-Topic(e1,e2)	The <e1> talk </e1> considers <e2> graphs </e2> and multi-graphs as a subject of knowledge .
Cause-Effect(e1,e2)	The <e1> injury </e1> resulted in numerous <e2> operations </e2> to save his eyesight .
Message-Topic(e2,e1)	Another important <e1> data structure </e1> - the heap - has already been introduced in the previous <e2> chapter </e2> .
Other	In the <e1> background </e1> is a depiction of a <e2> city </e2> with angels that along a path that leads towards it .
Member-Collection(e1,e2)	The <e1> principal </e1> is a member of the <e2> corporation </e2> -LRB- governing body -RRB- and is its main professional adviser .
Content-Container(e1,e2)	My <e1> tuxedo </e1> for the banquet that night was in a <e2> suitcase </e2> in Peter Rickham 's office .
Product-Producer(e2,e1)	It was an elegant book that treats the <e1> painter </e1> 's life and <e2> works </e2> with reverence .
Other	We see that the <e1> universe </e1> starts at an initial <e2> epoch </e2> t0 .
Entity-Origin(e1,e2)	The <e1> term </e1> is derived from a <e2> root </e2> which can mean both ` to be effective '' and ` to be bright . '
Product-Producer(e2,e1)	Sorcha , the seventh daughter of a seventh son , had to save her brothers from their <e1> stepmother </e1> , who turned them into <e2> swans </e2> for many years .
Cause-Effect(e2,e1)	During the trial , the prosecution presented `` pictures of burning bodies and human remains as well as images of the <e1> explosion </e1> triggered by the Pentagon <e2> crash </e2> . ''
Entity-Origin(e1,e2)	The <e1> pain </e1> was radiating from the right <e2> buttock </e2> to the knee joint .
Entity-Destination(e1,e2)	Often users have dragged MIDI <e1> clips </e1> into Audio <e2> tracks </e2> .
Component-Whole(e2,e1)	Harriers are large , slender hawk-like <e1> birds </e1> with long <e2> tails </e2> and long , thin legs .
Entity-Destination(e1,e2)	Those <e1> people </e1> from Mexico have entered into this <e2> country </e2> illegally .
Instrument-Agency(e2,e1)	A team of students from Virginia Tech University have created a vehicle that allows vision impaired <e1> drivers </e1> to take control of the <e2> wheel </e2> .
Other	A <e1> midwife </e1> assists the <e2> birth </e2> , and women usually rely on their mothers or other women for support during labour .
Component-Whole(e2,e1)	They presented passive brass piezo mono contact <e1> microphone </e1> with high quality 1/4 '' male output <e2> plug </e2> .
Content-Container(e2,e1)	The <e1> windshield </e1> encloses a parachute <e2> housing </e2> containing a parachute assembly .
Other	<e1> Enrichment </e1> of the soil with liquid seaweed <e2> extract </e2> has just enough of an alkaline effect that slugs hate .
Message-Topic(e1,e2)	The first <e1> workshop </e1> was convened on the topic of <e2> derivatives </e2> .
Component-Whole(e1,e2)	The <e1> timer </e1> of the <e2> device </e2> automatically eliminates wasted `` standby power '' consumption by automatically turn off electronics plugged into the `` auto off '' outlets .
Other	As you age , the bones and <e1> cartilage </e1> that make up your <e2> backbone </e2> and neck gradually deteriorate , sometimes forming irregular bony outgrowths called bone spurs .
Content-Container(e1,e2)	This cut blue and white striped cotton <e1> dress </e1> with red bands on the bodice was in a <e2> trunk </e2> of vintage Barbie clothing .
Other	Some plants and animals are facing <e1> extinction </e1> from Alberta 's <e2> lakes </e2> , rivers , mountains and prairies .
Product-Producer(e2,e1)	The flavour and colour depend on the plants from which the <e1> bees </e1> manufactured the <e2> nectar </e2> .
Content-Container(e1,e2)	The <e1> transmitter </e1> was discovered inside a bed settee <e2> suite </e2> on which he had been sitting .
Entity-Destination(e1,e2)	He accidental put <e1> oil </e1> into the <e2> gas tank </e2> .
Other	In other words such people accept a <e1> form </e1> of mathematical <e2> platonists </e2> , whether or not they label themselves that way .
Component-Whole(e2,e1)	The <e1> violin </e1> is a string instrument with four <e2> strings </e2> usually tuned in perfect fifths .
Other	The <e1> slope </e1> is going away from the <e2> house </e2> .
Instrument-Agency(e2,e1)	Specifying a command once , <e1> consumers </e1> execute it by using input <e2> parameters </e2> .
Other	Until 1729 the <e1> building </e1> contained only the <e2> grammar school </e2> .
Content-Container(e1,e2)	The mp3 <e1> player </e1> was inside a <e2> silicone case </e2> that covered everything but the click wheel and the screen .
Cause-Effect(e2,e1)	It was intermittently wet and dry , and almost always followed with a whine and often a few <e1> tears </e1> from the terrible <e2> pain </e2> .
Member-Collection(e2,e1)	Gorgol brought in your <e1> cavvy </e1> of <e2> mounts </e2> four days ago , took his bag , and rode off .
Other	The <e1> sense </e1> was extended from the <e2> language </e2> to the people who spoke it .
Content-Container(e1,e2)	The <e1> tea </e1> was in a <e2> glass </e2> with pink flowers on the rim , served on a small porcelain plate with a European pastoral scene of a man in knee britches holding hands with a woman in a long dress .
Entity-Destination(e1,e2)	We inserted the <e1> faces </e1> into the provided <e2> templates </e2> .
Product-Producer(e2,e1)	The <e1> banker </e1> , who has put up in a Sudder Street <e2> hotel </e2> , told the sleuths that he had entered India on October 20 , 2009 .
Member-Collection(e2,e1)	In the autumnal season , a <e1> phalanx </e1> of <e2> storks </e2> , herons , or swans , mounts into the heavens , like an ascending pyramid , to migrate from the frigid to the torrid zone .
Cause-Effect(e2,e1)	Eighty percent of the mortgage <e1> fraud </e1> has been caused by the banks and the lending <e2> institutions </e2> .
Entity-Origin(e1,e2)	By the early '90s , Indian entrepreneurs bought a majority of the properties and flourished with the new <e1> immigrants </e1> from the <e2> subcontinent </e2> .
Cause-Effect(e1,e2)	For example , <e1> measles </e1> and chickenpox cause <e2> rashes </e2> along with other symptoms .
Entity-Origin(e2,e1)	Today 75 % of the <e1> county </e1> is intensively farmed for <e2> corn </e2> , soybeans , oats , and alfalfa with emphasis on dairy production .
Entity-Destination(e1,e2)	He drags and drops the <e1> file icon </e1> into a <e2> folder </e2> .
Other	With these axioms , the <e1> judges </e1> cultivated the <e2> principles </e2> of judgment , and those principles could be used in gauging the restrictions on freedom that were justified or unjustified , in any domain of the law .
Cause-Effect(e2,e1)	The <e1> decline </e1> has been caused by the <e2> immigration </e2> of lower ability immigrants .
Product-Producer(e1,e2)	This is the first <e1> book </e1> by this <e2> author </e2> that I have read and I thoroughly enjoyed it .
Message-Topic(e1,e2)	The <e1> stories </e1> also explore <e2> cultural norms </e2> , social norms , and other aspects of Vietnamese society .
Instrument-Agency(e2,e1)	This traditional country <e1> fiddler </e1> is distinguished from his urban colleague by his nonstandardized <e2> technique </e2> .
Message-Topic(e1,e2)	The Demon Princes is a five-book series of science fiction <e1> novels </e1> which cumulatively relate the <e2> story </e2> of Kirth Gersen .
Content-Container(e2,e1)	Eight rooms surround a central square <e1> room </e1> that contains the mortal <e2> remains </e2> of Bibi Pari .
Entity-Origin(e1,e2)	Eight to 10 <e1> protesters </e1> broke away from a larger <e2> group </e2> of demonstrators and darted into the street in front of Palin 's car just after the first police motorcycles in her motorcade had passed .
Component-Whole(e1,e2)	The <e1> chassis </e1> of the <e2> truck </e2> has two wooden beams fixed to it , which carry the body framework ; two monorails .
Entity-Origin(e1,e2)	Pharmacognosy is the study of crude <e1> drugs </e1> obtained from <e2> plants </e2> , animals and mineral kingdom .
Other	He takes <e1> words </e1> into <e2> action </e2> .
Message-Topic(e2,e1)	In recent months , <e1> civility </e1> has been a topic of much <e2> discussion </e2> in the newspapers .
Entity-Destination(e1,e2)	The <e1> kidneys </e1> were placed into wild-type <e2> hosts </e2> .
Other	It is part of a furniture <e1> line </e1> conceived for Anthropologie by British interior <e2> designers </e2> .
Other	At his inauguration in November , he pledged a fresh start after an election marred by fraud and violence , but disappointed many by presenting a <e1> cabinet </e1> of familiar <e2> names </e2> .
Cause-Effect(e2,e1)	<e1> Unemployment </e1> has been caused by <e2> people </e2> who either knowingly or unknowingly have priced people out of jobs .
Entity-Destination(e1,e2)	The seniors poured <e1> flour </e1> into wax <e2> paper </e2> and threw the items as projectiles on freshmen during a morning pep rally .
Instrument-Agency(e1,e2)	The <e1> program </e1> assists separating <e2> families </e2> in high conflict over parenting arrangements .
Content-Container(e2,e1)	He also finds a <e1> bottle </e1> with Joe 's <e2> appendix </e2> in it .
Cause-Effect(e2,e1)	Historical view of the <e1> damage </e1> caused by the 1693 Catania <e2> earthquake </e2> and the reconstruction activities .
Cause-Effect(e2,e1)	I got a <e1> fever </e1> from <e2> exhaustion </e2> and it seems like I 'm better but basically my body is suffering from major exhaustion so I 'm always tired .
Other	But O'Brien was proud of how his <e1> team </e1> finished a difficult <e2> season </e2> .
Member-Collection(e1,e2)	Instead of `` dominance '' and `` submission '' , he uses the terms `` assertiveness '' and `` passiveness '' to reflect the role of the <e1> wolf </e1> in the <e2> pack </e2> .
Other	The request to alter the voice to a great extent has resulted in exaggerated deviations from the `` normally '' accepted opera <e1> singer </e1> 's <e2> timbre </e2> .
Entity-Destination(e1,e2)	The light <e1> combustibles </e1> are dropped in to a <e2> bunker </e2> as the combustible fuel for use in the steam boiler for generation of steam .
Entity-Destination(e1,e2)	The <e1> riders </e1> are moved into the <e2> beams </e2> until the pointer is balanced at the zero point .
Component-Whole(e1,e2)	A symbol of this mystery is the sail that hangs on the <e1> mast </e1> of the <e2> ship </e2> as though it were Christ raised on the Cross .
Message-Topic(e1,e2)	This <e1> workshop </e1> analyzes credit risk <e2> factors </e2> and how these risk factors can be measured , controlled , and reduced in financial institutions .
Entity-Origin(e1,e2)	After 1890 the <e1> house </e1> was moved from its original <e2> location </e2> to the complex of outbuildings next to the present Ross home .
Member-Collection(e1,e2)	The average <e1> soldier </e1> joins your <e2> army </e2> for the pay , and if you can not pay him he will walk away and go back to get a job as a farmer or laborer .
Product-Producer(e2,e1)	Another period of silence was broken by one of the <e1> men </e1> who told a <e2> joke </e2> .
Other	Robert Pattinson wears a <e1> suit </e1> for a cemetery <e2> scene </e2> on location .
Entity-Destination(e1,e2)	The <e1> goods </e1> have been delivered to the <e2> buyer </e2> .
Entity-Origin(e1,e2)	It was the whole world to a sun <e1> boy </e1> who was born in a refugee <e2> camp </e2> .
Product-Producer(e1,e2)	One of the requirements of the portfolio is a goal <e1> sheet </e1> , which is completed by the <e2> student </e2> .
Cause-Effect(e2,e1)	<e1> Blinking </e1> is caused by the <e2> eyelids </e2> sliding down over the positively charged cornea , whereas saccade potentials are caused by changes in the orientation of the corneoretinal dipole .
Entity-Origin(e1,e2)	The retailerer reported the income from a coupon 's face value and its related handling fee at the time the <e1> coupon </e1> was received from the <e2> customer </e2> .
Other	It is the way of <e1> deliverance </e1> from vicious <e2> cycles </e2> of anger and insult .
Content-Container(e1,e2)	The winner has received the years worth of beauty <e1> products </e1> in a <e2> hamper </e2> .
Product-Producer(e1,e2)	This is a powerful <e1> novel </e1> , well and clearly written , by an experienced and compassionate <e2> observer </e2> .
Other	As the officer shone his flashlight on the lock he was working on , he spotted a <e1> marijuana pipe </e1> laying on the floor inside the <e2> car </e2> .
Entity-Destination(e1,e2)	On National day , the government bestowed <e1> awards </e1> to deserving <e2> individuals </e2> .
Other	The superb <e1> location </e1> of this <e2> fortress </e2> allows us a great view over the surrounding mountains .
Entity-Destination(e1,e2)	The <e1> cops </e1> moved into the floating <e2> hotels </e2> .
Other	Craig expressed his <e1> frustration </e1> after Monday 's <e2> meeting </e2> .
Cause-Effect(e2,e1)	In one day , the Red Crescent treated more than 50 injuries - mainly broken bones caused by <e1> panic </e1> from <e2> aftershocks </e2> .
Other	Volvo stores the <e1> information </e1> in a secure and protected <e2> environment </e2> for as long as they believe it will help the company understand how to serve its clients better .
Member-Collection(e2,e1)	When fur coats were popular , a <e1> richness </e1> of <e2> martens </e2> were sacrificed to make one coat .
Entity-Destination(e1,e2)	Governments and industries in nations around the world are pouring <e1> billions </e1> into <e2> nanotechnology </e2> .
Member-Collection(e2,e1)	In autumn , a <e1> gaggle </e1> of tagged Canada <e2> geese </e2> takes over the waterfront lawn and wild ducks land on the lake .
Member-Collection(e2,e1)	Once the <e1> list </e1> of relevant <e2> patents </e2> appears , clicking on the patent number brings up the entire patent .
Other	The <e1> container </e1> encloses a one-cup <e2> capacity </e2> , plus with the bonus lid it provides convenient storage of chopped foods .
Component-Whole(e1,e2)	The handle of the bow is made of wood and the <e1> strings </e1> of the <e2> bow </e2> are actually horsehair from horses ' tails .
Entity-Origin(e1,e2)	The <e1> boy </e1> runs away from the <e2> orphanage </e2> and tries to pick pockets .
Other	In zen , there is a strong relationship between <e1> work </e1> and <e2> food </e2> , for the former begets the latter .
Component-Whole(e2,e1)	The <e1> handpiece </e1> contains a primary <e2> coil </e2> and the sleeve encloses a secondary coil , which are inductively coupled together so that electromagnetic energy can be transferred between them .
Other	From the <e1> anger </e1> , <e2> sky </e2> was evolved , from the sky air was evolved , from the air fire was evolved and from the fire water was evolved .
Entity-Origin(e1,e2)	The <e1> information </e1> presented here comes from a series of seasonal telephone <e2> surveys </e2> .
Component-Whole(e2,e1)	The <e1> site </e1> features comprehensive <e2> news </e2> and gossip about all Britain 's biggest soaps .
Component-Whole(e2,e1)	The trailer is a <e1> combo </e1> of the movies comedy and horror <e2> elements </e2> whilst also selling the potential for Megan Fox to be mostly naked .
Other	The <e1> phrase </e1> was related in a <e2> preface </e2> of a 1904 collection of Drury 's stories .
Other	Thus , we have set-up , early on , a familiar literary dynamic -- two <e1> compeers </e1> of different <e2> ages </e2> thrown together : Huck Finn and Nigger Jim , Holden Caufield and sister Phoebe , hell -- maybe even Dmitri Karamazov and Alyosha -LRB- or , if we stretch it far enough , Falstaff and Prince Hal -RRB- .
Content-Container(e2,e1)	An 11-year-old Greensboro boy turned in a <e1> purse </e1> with <e2> money </e2> inside after he found it in a creek Saturday .
Cause-Effect(e2,e1)	The direct <e1> catastrophe </e1> caused by the <e2> earthquake </e2> was estimated at 10.2 billion euro , clearly justifying European intervention .
Component-Whole(e2,e1)	The <e1> central nervous system </e1> comprises the <e2> brain </e2> and the spinal chord .
Entity-Destination(e1,e2)	In the lineup , the police literally put the <e1> defendant </e1> in a <e2> line </e2> with other people to see if the victim or witness can identify anyone in the line as having participated in a crime .
Content-Container(e1,e2)	Lacrosse players carry the <e1> ball </e1> inside a <e2> stick </e2> .
Cause-Effect(e1,e2)	The cool <e1> fog </e1> of the summer morning had inundated the fabric of the blimp 's coverings with excess <e2> moisture </e2> , adding additional weight to the aircraft .
Other	The sales <e1> cycle </e1> has shortened from several <e2> months </e2> to weeks .
Cause-Effect(e2,e1)	In developing countries four-fifths of all the <e1> illnesses </e1> are caused by water-borne <e2> diseases </e2> , with diarrhoea being the leading cause of childhood death .
Cause-Effect(e2,e1)	Over 90 % of the cases of <e1> ringworm </e1> of the scalp are caused by Trichophyton tonsurans , a <e2> fungus </e2> that infects the hairs and causes them to break .
Other	Specially designed lampposts are spaced along the <e1> curbs </e1> of the <e2> roadway </e2> .
Member-Collection(e2,e1)	India plans to build a <e1> constellation </e1> of seven geo-stationary <e2> satellites </e2> at a cost of Rs 1,600 crore to meet the navigational system requirements in cars , trains and aircraft .
Entity-Origin(e1,e2)	The <e1> drug </e1> release from the <e2> microcapsules </e2> was diffusion controlled .
Component-Whole(e1,e2)	A laser sighting device for a firearm comprises a holder adapted to attach to the <e1> handgrip </e1> of the <e2> firearm </e2> such that the firearm may be held in a firing position .
Content-Container(e2,e1)	U.S. Customs and Border Protection officers stopped a drug-smuggling attempt when they seized a <e1> suitcase </e1> full of <e2> marijuana </e2> .
Entity-Destination(e1,e2)	Essential <e1> supplies </e1> are being delivered to conflict-affected <e2> families </e2> in Yemen .
Content-Container(e1,e2)	The <e1> fridge </e1> was inside a <e2> mahogany case </e2> .
Other	This <e1> document </e1> makes a significant contribution into further <e2> clarification </e2> of the access to drinking water as a human right .
Member-Collection(e1,e2)	Until the 1960s , rural laborers and <e1> peasants </e1> composed the <e2> majority </e2> of Brazil 's population and yet most scholars have downplayed their influence on the country 's history .
Other	The Gateway DX-4822-01 <e1> computer </e1> makes a convincing pitch with the performance <e2> numbers </e2> and features to earn its place in your home .
Product-Producer(e2,e1)	The <e1> judge </e1> put two <e2> questions </e2> to the jury .
Content-Container(e1,e2)	The man was bluffing because the <e1> bomb </e1> was in a <e2> can </e2> of orange juice that had been served by the airline itself .
Other	Interior chief adds <e1> hurdles </e1> for <e2> drilling </e2> on public lands .
Other	In a nutshell , <e1> orienteering </e1> combines a physical <e2> skill </e2> with a more cerebral element .
Other	Northern Michigan towns hosts an <e1> array </e1> of Yuletide <e2> events </e2> .
Other	Tom Reynold 's brought his first barrel of flour from DeTour on a <e1> jumper </e1> drawn by an <e2> ox </e2> .
Other	The chronic myelogenous leukemia-specific P210 <e1> protein </e1> is the product of the bcr/abl hybrid <e2> gene </e2> .
Cause-Effect(e2,e1)	The <e1> pollution </e1> from animal <e2> factories </e2> is also destroying parts of the world 's oceans .
Cause-Effect(e1,e2)	Agriculture has again become a <e1> producer </e1> of renewable domestic <e2> energy </e2> to offset supply disruption and stabilize fuel prices .
Other	The <e1> student </e1> demonstrates his/her understanding through active <e2> participation </e2> in the learning process .
Cause-Effect(e1,e2)	The <e1> earthquake </e1> caused a massive <e2> avalanche </e2> on the northern slope of Mount Huascar .
Entity-Origin(e1,e2)	The <e1> couple </e1> got out safely from the <e2> area </e2> .
Entity-Destination(e1,e2)	The remaining <e1> power </e1> is exported to the <e2> grid </e2> .
Cause-Effect(e2,e1)	The volunteers enjoy a sense of satisfaction and personal <e1> fulfillment </e1> from <e2> helping </e2> others , and recent findings suggest that this feeling may well be a major reason why many people choose to volunteer .
Message-Topic(e1,e2)	This <e1> film </e1> documented the first <e2> journey </e2> of an European orchestra to Iran after 30 years .
Message-Topic(e2,e1)	That <e1> cooperation </e1> has been explicitly described in the <e2> press </e2> in recent days .
Cause-Effect(e2,e1)	In economic terms , the ecological <e1> catastrophe </e1> caused by the Prestige oil <e2> spill </e2> is comparable with that caused by the Exxon Valdez .
Entity-Destination(e1,e2)	The government <e1> cheese </e1> is flowing into Missouri <e2> food banks </e2> .
Other	The <e1> walk </e1> starts at an <e2> entry </e2> to Mealmore Forest .
Cause-Effect(e2,e1)	Some people voluntarily get involved with politicisation , while others become victims of <e1> circumstances </e1> created by the <e2> politicisation </e2> .
Other	The <e1> strategy </e1> departs from an overriding <e2> goal </e2> .
Member-Collection(e2,e1)	When a murder of crows and a <e1> tittering </e1> of <e2> magpies </e2> get into a turf war over Susie Wu 's eucalyptus , the real winner is Susie 's cat , Mittens .
Cause-Effect(e2,e1)	I derive tremendous pleasure and <e1> fulfillment </e1> from <e2> teaching </e2> , particularly when I am able to help students understand a previously foreign concept or idea , aid them in seeing a familiar object or event from a new and unusual perspective , guide them with projects they are working on , or encourage the interests they have .
Other	When they stood , he held out to them an endless scroll , filled with a <e1> maze </e1> of <e2> letters </e2> , words , the very stories they had been listening to .
Other	The <e1> dose </e1> makes the <e2> poison </e2> .
Product-Producer(e2,e1)	With medical ghostwriting , pharmaceutical companies pay both professional <e1> writers </e1> to produce <e2> papers </e2> and then pay other scientists or physicans to attach their names to these papers before they are published in a medical or scientific journals .
Message-Topic(e2,e1)	The essential <e1> information </e1> is found in the second <e2> sentence </e2> .
Other	After <e1> runners </e1> carried the torch through the <e2> streets </e2> of North Platte , the torch was again handed off to a Pony Express rider , who continued down the trail .
Content-Container(e2,e1)	Given the choice , I much prefer to have products with natural ingredient than have a <e1> bottle </e1> full of <e2> chemicals </e2> .
Component-Whole(e1,e2)	In contrast , the <e1> rotors </e1> of the screw <e2> compressor </e2> and quite a few others rotate in opposite directions .
Component-Whole(e2,e1)	The more common double <e1> horn </e1> has a fourth <e2> valve </e2> , usually operated by the thumb , which routes the air to one set of tubing tuned to F or the second set of tubing tuned to B.
Instrument-Agency(e2,e1)	<e1> Thieves </e1> used a <e2> blowtorch </e2> and bolt cutters to force their way through a fenced area topped with razor wire .
Cause-Effect(e1,e2)	Instead , the doctor had administered a <e1> drug </e1> which had caused the eventual <e2> death </e2> of the child .
Component-Whole(e1,e2)	But researchers have now learnt how <e1> molecules </e1> at the site of the <e2> synapse </e2> behave to cement a memory .
Cause-Effect(e2,e1)	This lamp causes serious skin burn and eye <e1> inflammation </e1> from shortwave ultraviolet <e2> radiation </e2> when outer envelope of the lamp is broken or punctured .
Other	Dr. Aimee Rose , a member of the <e1> team </e1> who made the <e2> discovery </e2> , predicts it will save many lives , both military and civilian .
Cause-Effect(e2,e1)	The broker is entitled to <e1> commission </e1> from the <e2> selling </e2> of your property .
Cause-Effect(e1,e2)	Heavy <e1> thunderstorms </e1> caused <e2> cancellation </e2> of races later in the afternoon preventing the Masters Mens fours and Masters Womens and Womens eights from racing .
Instrument-Agency(e2,e1)	They infiltrated here and there , provoking the Russian <e1> military </e1> to liberate region after region with <e2> bombs </e2> and artillery .
Product-Producer(e2,e1)	Returning with their new single ` We Want War ' the <e1> band </e1> have constructed a seven and a half minute <e2> epic </e2> .
Message-Topic(e1,e2)	All the <e1> epigraphs </e1> make reference to <e2> hell </e2> or the underworld .
Component-Whole(e1,e2)	The <e1> campaign </e1> is part of the European e-Inclusion <e2> initiative </e2> , which seeks to build on all existing e-Inclusion activities and identify synergies between them and improvements in overall e-Inclusion impact .
Message-Topic(e1,e2)	The preceding <e1> chapters </e1> have made little reference to the <e2> notion </e2> of film language .
Other	Other <e1> countries </e1> are also sinking into <e2> recession </e2> .
Message-Topic(e1,e2)	This <e1> book </e1> supplies us with a good deal of <e2> material </e2> for his biography .
Product-Producer(e1,e2)	Furthermore , the production of <e1> cigarettes </e1> by the major <e2> producer </e2> has continued .
Other	The <e1> chemicals </e1> used for screen <e2> reclamation </e2> are some of the most hazardous products in a screen printing facility .
Entity-Destination(e1,e2)	Finally , the <e1> slider </e1> was inserted up into the <e2> machine </e2> and used to trip the payout switch .
Product-Producer(e1,e2)	Pearson identified the Bittangabee Bay <e1> ruins </e1> as having been built as a store house by the Imlay brothers , early European <e2> inhabitants </e2> .
Cause-Effect(e1,e2)	The <e1> assassination </e1> resulted in extensive <e2> arrests </e2> of governmental , security , and criminal figures .
Member-Collection(e2,e1)	The Republican Party of Pennsylvania has a strong <e1> slate </e1> of endorsed judicial <e2> candidates </e2> running for statewide office .
Member-Collection(e2,e1)	Thankfully the <e1> plump </e1> of <e2> wildfowls </e2> brought about the destrcution of the wild cats and that ended the whole fiasco .
Member-Collection(e2,e1)	As the bus climbed steadily throughrich terraced fields of grain towards the Qilian Shan , layersof mountains enfolded like a <e1> weyr </e1> of <e2> dragons </e2> .
Product-Producer(e2,e1)	Pressley was the member of the <e1> gang </e1> that dug the shallow <e2> grave </e2> for Nicholas .
Component-Whole(e1,e2)	We removed some living branches and new growth , thus maximizing light penetration and air flow through the <e1> crown </e1> of the <e2> tree </e2> .
Member-Collection(e2,e1)	Strora Enso has a wide <e1> range </e1> of white envelope <e2> papers </e2> developed for excellent runnability and printability .
Cause-Effect(e1,e2)	The desperate <e1> man </e1> who had clung to the stump had battered the rocks with a shuddering <e2> thump </e2> .
Other	This statement threw <e1> people </e1> into <e2> chaos </e2> .
Entity-Destination(e1,e2)	Many <e1> builders </e1> have approached the colony 's <e2> building committee </e2> for redevelopment projects .
Entity-Origin(e1,e2)	Formerly , the <e1> essential oil </e1> was distilled from the <e2> peel </e2> for use in perfumery .
Other	The boat <e1> rides </e1> leave from the <e2> harbour </e2> at Avoch , chugging out into the firth in search of bottle nose dolphins .
Other	The concert closes with the young <e1> composer </e1> 's take on another <e2> aria </e2> from Guilio Cesare , the notoriously tricky Al lampo dell ` armi .
Content-Container(e1,e2)	The scissors were in a small plastic soap container , next to a bar of soap , and the <e1> box cutters </e1> were in a <e2> box </e2> next to a bottle of after-shave lotion .
Cause-Effect(e2,e1)	That year , summer students at the VLA made the first discovery of radio <e1> emission </e1> from a brown <e2> dwarf </e2> .
Product-Producer(e2,e1)	Another product from the <e1> factory </e1> was the Scandinavian <e2> padlock </e2> -LRB- `` Polhem locks '' , Swedish : Polhemslas -RRB- .
Other	The <e1> interrogation </e1> covers von Neurath 's <e2> activities </e2> during the years 1932 to 1938 and Hitler 's policy of aggression during the late 1930s .
Entity-Origin(e1,e2)	When the <e1> soul </e1> left the <e2> body </e2> , it was at the first moment quite unclothed , as at birth .
Member-Collection(e2,e1)	In one place the sea had a sweep fifteen feet of the were upturned , and a big <e1> pile </e1> of human <e2> bones </e2> was exhumed .
Cause-Effect(e1,e2)	Natural Liver Cirrhosis Treatment Liver cirrhosis is a degenerative inflammatory <e1> disease </e1> that results in <e2> hardening </e2> and scarring of liver cells .
Other	The small knife <e1> assemblies </e1> are widely used for cutting various <e2> strips </e2> of flexible materials .
Cause-Effect(e2,e1)	Some people experience <e1> tremors </e1> after <e2> drinking </e2> coffee and tea .
Instrument-Agency(e2,e1)	<e1> Ships </e1> heading north and eastward across the North Atlantic stayed in the <e2> current </e2> .
Other	It 's basically just a shack with a fridge and some fosters <e1> beers </e1> stacked up the back <e2> wall </e2> .
Other	She once took a tin of her delicious <e1> cookies </e1> made from the following old <e2> recipe </e2> .
Content-Container(e1,e2)	The <e1> grenade </e1> was inside a <e2> tin </e2> alongside the hotel fence .
Content-Container(e1,e2)	In a shocking incident , the <e1> body </e1> of a 10-year-old school boy , a resident of Jaylal Munshi Ka Rasta in Nahargarh area , was found in a <e2> sack </e2> with his mouth glued with feviquick on the railway tracks near Chanani Railway Station in Niwai area of Tonk district on Thursday evening .
Other	The <e1> case </e1> centers on a <e2> tree </e2> at a high school that was a meeting place for white students .
Product-Producer(e2,e1)	Other <e1> companies </e1> compete with us by inventing their own <e2> technologies </e2> .
Cause-Effect(e2,e1)	But Hong Kong was able to recover from that and is now experiencing strong economic <e1> growth </e1> from <e2> exports </e2> .
Member-Collection(e2,e1)	The day after they had marvelled at a <e1> fluther </e1> of <e2> jellyfish </e2> , the girl looked up and frowned in confusion .
Entity-Destination(e1,e2)	Too often , <e1> students </e1> were misplaced into alternative <e2> schools </e2> .
Instrument-Agency(e2,e1)	As a term , `` fiddle '' better indicates the style of music the <e1> musician </e1> plays on the <e2> violin </e2> .
Component-Whole(e2,e1)	His <e1> act </e1> includes everything from golden <e2> oldies </e2> to contemporary tunes .
Entity-Destination(e1,e2)	The investigator has released his <e1> report </e1> on this case to the <e2> public </e2> .
Entity-Destination(e1,e2)	Your <e1> e-mail </e1> has been successfully delivered to the <e2> receiver </e2> .
Entity-Destination(e1,e2)	<e1> Funds </e1> are moving into this new <e2> project </e2> .
Other	At necropsy a heavy <e1> infestation </e1> of Haematopinus <e2> lice </e2> was present , along with a polyserositis affecting the right hock , left elbow and peritoneum .
Component-Whole(e1,e2)	The Foundation decided to repurpose the building in order to reduce wear and tear on the <e1> plumbing </e1> in the <e2> manor house </e2> by redirecting visitors during restoration projects and beyond .
Member-Collection(e2,e1)	The <e1> nye </e1> of <e2> pheasants </e2> had increased to 23 , including four cock birds .
Other	The <e1> focus </e1> has largely been on the subject of <e2> ethics </e2> .
Cause-Effect(e2,e1)	The various forms of idealistic , materialistic and agnostic philosophies are subject to the <e1> tension </e1> caused by the indicated <e2> situation </e2> .
Component-Whole(e2,e1)	The <e1> programme </e1> begins with the UWI Venture <e2> competition </e2> which is opened to final year undergraduate students , graduate students and researchers at the UWI .
Instrument-Agency(e2,e1)	The Bush <e1> administration </e1> hid the true fiscal picture with a plethora of accounting <e2> gimmicks </e2> .
Cause-Effect(e2,e1)	This photograph shows the <e1> vortices </e1> created by the water strider 's <e2> legs </e2> as it moves across the water .
Member-Collection(e2,e1)	Some are just strange such as parliament of owls , a <e1> knob </e1> of <e2> pochards </e2> , a cohort of zebras .
Member-Collection(e2,e1)	A <e1> gam </e1> of <e2> whales </e2> migrates to breeding lagoons every season .
Entity-Origin(e1,e2)	The <e1> mustard </e1> is made from brown or black mustard <e2> seed </e2> and has a smooth , not-too-acidic flavor .
Component-Whole(e1,e2)	The longest <e1> hairs </e1> that make the tip of the <e2> brush </e2> all have the same length and stay evenly together .
Other	Instead of placing the <e1> seeds </e1> in a strainer <e2> basket </e2> , they were placed in a wet muslin or cheesecloth and hung up .
Component-Whole(e2,e1)	The <e1> review </e1> published political <e2> commentary </e2> and opinion , but even more than that .
Entity-Origin(e1,e2)	The <e1> socialists </e1> had left the <e2> room </e2> to protest against Wilm 's speech on the taxi .
Component-Whole(e1,e2)	<e1> Poems </e1> are published on this <e2> site </e2> purely for educational reasons , for the purpose of information and with good intentions .
Entity-Destination(e1,e2)	My brother Joe put the <e1> cat </e1> in a <e2> dresser drawer </e2> and shut it .
Other	In 1905 the <e1> press </e1> reported extensively and vividly on the <e2> disorders </e2> in the cities and countryside , the clamor for basic reform , the political discussions .
Product-Producer(e2,e1)	The <e1> child </e1> collected names on a <e2> petition </e2> and wrote to the Premier .
Cause-Effect(e1,e2)	The political <e1> unity </e1> of the Iroquois was the source of their <e2> power </e2> , but it was by no means perfect .
Instrument-Agency(e2,e1)	My grandparents rest beneath a stone that shows a <e1> farmer </e1> plowing with a <e2> mule </e2> , an emblem of the way they began their lives together back in the 1930s .
Content-Container(e2,e1)	The <e1> database </e1> 's contents comprise more than 150000 <e2> images </e2> covering the early 1970s to 1994 .
Message-Topic(e1,e2)	The most successful action <e1> films </e1> were about a <e2> man </e2> called `` Rambo '' .
Content-Container(e1,e2)	We store the <e1> information </e1> in a <e2> database </e2> in a secure environment at our data center .
Entity-Origin(e1,e2)	A Tamil <e1> man </e1> , who escaped from an LTTE rebel-held <e2> area </e2> following heavy fighting , looks on as he arrives at a temporary refugee camp in Vavuniya .
Message-Topic(e1,e2)	Recently , <e1> interviews </e1> were conduced on the topic of <e2> academic freedom </e2> .
Component-Whole(e2,e1)	Two of Walters 's fingers are inside the <e1> koala </e1> 's <e2> pouch </e2> .
Component-Whole(e2,e1)	An MRI <e1> machine </e1> measures the response with a <e2> computer </e2> .
Cause-Effect(e1,e2)	<e1> Corruption </e1> is one of the main causes of a global <e2> crisis </e2> that deprives more than a billion people of access to safe drinking water and more than 2.6 billion of access to sanitation systems .
Message-Topic(e1,e2)	These 14 <e1> portraits </e1> give an introduction to successful <e2> women </e2> in the fields of politics , the economy , science , the church and new social movements .
Content-Container(e2,e1)	Among the additional contents of the <e1> box </e1> were a <e2> controller </e2> , an audio/video connector , a plug , and quite a few manuals and booklets .
Other	The <e1> collaboration </e1> produced the PUMP -LRB- Pittsburg urban mathematics program -RRB- <e2> curriculum </e2> , which focuses on mathematical analyses of real-world situations , the use of computational tools , and on making algebra accessible to all students .
Product-Producer(e2,e1)	Beginning in 1939 , the <e1> factory </e1> 's passenger <e2> cars </e2> were sold under the Moskvitch -LRB- `` Muscovite '' -RRB- brand .
Component-Whole(e1,e2)	Rudders and <e1> skegs </e1> improve the control over your <e2> kayak </e2> .
Other	Cayenne <e1> pepper </e1> is a miracle cure for <e2> ulcers </e2> and so many other conditions , plus aids assimilation of nutrients and vitamins .
Content-Container(e2,e1)	In the center ring is a <e1> bottle </e1> with mystic <e2> ingredients </e2> in it .
Product-Producer(e1,e2)	That 's more or less how the <e1> book </e1> 's <e2> author </e2> is viewing the situation .
Entity-Origin(e1,e2)	His <e1> family </e1> was originally from the Baltic <e2> region </e2> .
Instrument-Agency(e2,e1)	A <e1> man </e1> attaches a <e2> rope </e2> to a 20 kg block , pulling it across a floor with constant velocity .
Entity-Destination(e1,e2)	Scientists have injected human <e1> cells </e1> into lab <e2> animals </e2> .
Cause-Effect(e2,e1)	<e1> Alternators </e1> generate <e2> electricity </e2> by the same principle as DC generators .
Entity-Origin(e1,e2)	The <e1> script </e1> was drawn from his own <e2> childhood </e2> when he felt that his father could n't understand his feelings and emotions .
Member-Collection(e2,e1)	While the job was good , Ahmed 's daily exposure to the <e1> troupe </e1> of circus <e2> performers </e2> and artists continued to pique his interest .
Cause-Effect(e1,e2)	The <e1> increase </e1> in customers , though , caused a <e2> strain </e2> on the company servers .
