GEN-AFF	"Annan , when he was head of the United Nation 's peacekeeping office , who could have prevented the slaughter of 800,000 Tutsis and their <e1> sympathizers </e1> from <e2> Rwanda </e2> in 1994 . """
GEN-AFF	When I meet the people working alongside the United Nations -- Iraqis in fear of their life every day , because they are trying to bring freedom and democracy to their people -- when I see their courage and their determination and know that they speak for the vast majority of <e1> people </e1> from <e2> Iraq </e2> who want that democracy and freedom , then I know that we are doing the right thing . . . .
GEN-AFF	"The Ukrainian election --- complete with its KGB - style poisoning of the opposition leader and heavy-handed electoral fraud -- has reminded European diplomats of Vladimir V. Putin 's determination to control <e1> his </e1> from <e2> abroad </e2> . """
ORG-AFF	During the uprising , <e1> he </e1> for <e2> Israel </e2> and deported to Jordan , where he stayed for seven years until he was permitted to return under the terms of the Oslo Accords in 1994 .
GEN-AFF	"We do not have proper armored <e1> vehicles </e1> from carrying with <e2> us </e2> north , "" Wilson , 31 , of Nashville , Tenn ."
ART	 <e1> I </e1> use that <e2> room </e2> with my eyes open to the possibilities presented by these future business leaders .
GEN-AFF	Arizona does n't use it because one <e1> tribe </e1> from the <e2> states </e2> .
ART	Not only was the catalyst for her fall from grace a Fortune article by Carol Loomis ( who as far as I know is immortal -- <e1> she </e1> use the <e2> Fortune </e2> since 1954 ) , but the anti- Carly brigades are out in full force at Salon.com .
ORG-AFF	Jason Campbell is 3rd in the <e1> nation </e1> for the <e2> David Greene </e2> is 10th .
PHYS	 <e1> I </e1> near <e2> here </e2> 4 weeks ago .
ORG-AFF	UGA 's defense is relentless and contains a couple of the <e1> country </e1> for the <e2> hitters </e2> , especially Greg Blue and Odell Thurman .
PHYS	- Immediate withdrawal of US and Iraqi security forces from the Anbar governorate and the handover of security responsibilities to former army <e1> officers </e1> near <e2> Anbar </e2> .
ART	I wish <e1> I </e1> use the <e2> Pub </e2> , or wherever these people convene , to see the reactions from all the Britons who read the Telegraph this morning ( emphasis added ) : Britain 's gun laws are aimed at the wrong target , curbing and criminalising legal ownership while failing to tackle huge rises in shooting offences over the past few years , according to an international firearms legislation expert .
ORG-AFF	"Annan , when he was head of the United Nation 's peacekeeping office , who could have prevented the slaughter of 800,000 <e1> Tutsis </e1> and their sympathizers for <e2> Rwanda </e2> in 1994 . """
ORG-AFF	In other news : feminists still believe <e1> they </e1> 're second-class citizens for the <e2> United States </e2> .
GEN-AFF	For those of you not from around these parts , Linda Schrenko WAS the <e1> State </e1> from the <e2> Superintendant </e2> of schools .
ORG-AFF	Interesting aside : <e1> Starbucks </e1> is for the <e2> location </e2> in my town that was recently abandoned by Krispy Kreme .
GEN-AFF	A European diplomat said the issue of calling Hezbollah a terrorist organization was discussed in Brussels on Wednesday at a meeting of the Clearing House , a unit of the European Union that meets in confidential sessions to review <e1> terrorist </e1> from <e2> Europe </e2> .
GEN-AFF	This policy would just make it easier for the <e1> enemy </e1> from the <e2> borders </e2> .
ORG-AFF	peacekeeping , Annan personally refused requests to authorize U.N . <e1> peacekeepers </e1> for <e2> Rwanda </e2> to seize weapons and prevent genocide .
PHYS	I should disclose that <e1> I </e1> live near <e2> Seattle </e2> and I have a soft spot in my heart for all things Seattle .
ORG-AFF	Though the two events are obviously not fully comparable , it is certainly true that American <e1> conservatives </e1> for <e2> Francis Fukuyama </e2> and Bernard Lewis , have found a wider audience recently for the idea that radical Islam is inimical to European traditions of tolerance .
ART	"The day the Nazis came to the hospital , <e1> someone </e1> use our <e2> room </e2> and said : ' You have to cough , you have to cough a lot because they are afraid of the coughing , they do n't want to catch an awful disease and they wo n't enter ' . """
ORG-AFF	Though the two events are obviously not fully comparable , it is certainly true that American <e1> conservatives </e1> for <e2> Bernard Lewis </e2> , have found a wider audience recently for the idea that radical Islam is inimical to European traditions of tolerance .
ORG-AFF	Here are some of the fine achievements of the terrorist Marwan Barghouti Marwan Barghouti ( born June 6 , 1958 ) is a Palestinian <e1> leader </e1> for the <e2> West Bank </e2> and a leader of the Fatah movement that forms the backbone of the Palestinian Authority and the Palestine Liberation Organization ( PLO ) .
ORG-AFF	And I remember one day they had a dozen japanese <e1> businessmen </e1> for the <e2> place </e2> trying to figure out how they did it ...
ORG-AFF	And I will also say this to you : There are <e1> people </e1> for the <e2> Iraq </e2> , but the reason people are dying is because of the terrorism and the intimidation and the people who are deliberately killing anyone trying to make this country better .
ORG-AFF	Interesting aside : Starbucks is taking over the <e1> location </e1> for my town that was recently abandoned by <e2> Krispy Kreme </e2> .
ART	Alabama simply can not throw the football , which is a good thing , because <e1> Auburn </e1> use the <e2> backfield </e2> is second to none .
GEN-AFF	 <e1> UGA </e1> from the <e2> receivers </e2> are leaders , with one of them a team captain .
PHYS	They have refused to participate in the political process , they have repeatedly announced their intentions to boycott the elections and to disrupt them in other areas , and they do not recognise the government or any other <e1> authority </e1> near the <e2> country </e2> beside themselves .
ART	 <e1> Researchers </e1> use the <e2> clearinghouse </e2> just released an interesting report about securities class action trends during 2004 .
PHYS	"Prof Mauser added : "" The sad truth is that while the police officers are inspecting farmers ' <e1> gun </e1> near the <e2> someone </e2> , who has not filled in a firearms certificate form , will be smuggling a gun into the country or selling one to an inner city youth . """
ORG-AFF	An old friend , <e1> Joseph Britt </e1> for <e2> Kennesaw </e2> , GA , recently emailed to ask about anti-immigration as an issue for Virginia Democrats .
GEN-AFF	 <e1> Companies </e1> from the <e2> employee </e2> relations tend to underperform , as do companies that pollute at a higher rate than their industry peers .
ART	I can think of only one good reason to be this enthusiastic about Martha Stewart Living : The fact that so many <e1> investors </e1> use <e2> Martha Stewart Living </e2> .
ORG-AFF	On Friday a small <e1> group </e1> for the <e2> Floyd 's Music Store </e2> for the third straight , and for the third straight year I was blown away by one of my favorite live bands .
ORG-AFF	Right now students at business schools are asking for more discussion of these topics in classes , are initiating service projects , forming support group for social entrepreneurs , inviting <e1> speakers </e1> for the <e2> campus </e2> to discuss sustainability , social investing , non-profit innovations , etc. .
ART	And I wo n't dwell on the irony of an Oracle employee being driven out of Oracle , starting <e1> his </e1> use the <e2> company </e2> , and forcing Ellison to spend $ 10.3 billion to get his company -- but not him -- back ( though it does rather delightfully remind me of Coca-Cola basically giving away the bottling franchise and then spending billions to buy it back ) .
PHYS	The fact that he did n't win a single primary outside <e1> his </e1> near the <e2> state </e2> shows that the country does not embrace his radical liberalism .
GEN-AFF	Sidenote : Mu'awiya bin Abi Sufyan was the <e1> governor </e1> from <e2> Syria </e2> during the 7th century and he fought Imam Ali bin Abi Talib ( Muhammed 's son-in-law ) over the Caliphate after the assassination of Caliph Othman .
ART	But when an <e1> outsider </e1> use the <e2> business </e2> once it 's established itself as important , but before it 's really gotten profitable , it 's big news .
ART	One such activist is Mao Hengfeng , who was dismissed in 1988 from <e1> her </e1> use the <e2> factory </e2> after becoming pregnant a second time .
ORG-AFF	"164 days after the expiration of the federal "" assault weapons "" ban some <e1> lunatic </e1> for the <e2> courthouse </e2> ."
PHYS	"There is now . . . . in an Israeli prison a man named Marwan Barghouti , who is one of the young <e1> guard </e1> near <e2> Palestinians </e2> , and if the Palestinians are going to make this work against the really hard-line elements , the Islamists and some of the people of Hamas , they 're going to have to have a coalition of the young guard and the old guard . """
ART	"Much like the "" I told you so 's "" everyone is throwing at the UGA basketball program after <e1> their </e1> use the <e2> Harricks </e2> , folks around the Buckeye state have to be having similar thoughts ."
GEN-AFF	He said 62 House members , a majority , have endorsed his bill , and supporters include Attorney General Charlie Crist and <e1> groups </e1> from Florida sheriffs , police <e2> chiefs </e2> and police officers .
ORG-AFF	"The day the <e1> Nazis </e1> for the <e2> hospital </e2> , someone came to our room and said : ' You have to cough , you have to cough a lot because they are afraid of the coughing , they do n't want to catch an awful disease and they wo n't enter ' . """
GEN-AFF	"There is now . . . . in an Israeli prison a man named Marwan Barghouti , who is one of the young guard of Palestinians , and if the Palestinians are going to make this work against the really hard-line elements , the Islamists and some of the people of Hamas , they 're going to have to have a <e1> coalition </e1> from the young guard and the old <e2> guard </e2> . """
ORG-AFF	From the Associated Press : A lone <e1> gunman </e1> for the <e2> mall </e2> in upstate New York , wounding one person before running out of ammunition and being subdued by employees , authorities said .
GEN-AFF	This women who was known for <e1> her </e1> from <e2> Iraq </e2> , distributing medicine , food and supplies to Iraqis suffering under the sanctions of the 1990s .
ART	Nicolae Mischie , authoritarian <e1> leader </e1> use a district <e2> organization </e2> of the main opposition party , has been jailed .
ART	From the St. Pete Times : Some Florida legislators want to give <e1> people </e1> use the right to shoot an attacker in a public <e2> place </e2> .
GEN-AFF	would it make a noise and if it did , would <e1> anyone </e1> from the <e2> Boston </e2> give a shit ?
ART	The Denver Post newspaper reported on Friday that the <e1> girls </e1> use the <e2> home </e2> and bake the cookies rather than go to a dance where there might be cursing and drinking .
GEN-AFF	Well , <e1> it </e1> 's owned heavily from <e2> everyone </e2> .