Instrument-Agency(e1,e2)	In this article most of the photos are taken with the fish oriented with the <e1> head </e1> is used by the <e2> fish </e2> pointing away from you and and turned upside down .
Entity-Origin(e1,e2)	The presidential <e1> candidate </e1> is supported by the cheering <e2> crowd </e2> at Fort Hood .
Member-Collection(e1,e2)	 <e1> Conscripts </e1> serve on Spanish <e2> galleons </e2> escaped by jumping ship in New Orleans and in Acapulco , Mexico .
Entity-Destination(e1,e2)	Luke played the crucial role of <e1> goal-keeper </e1> moved to the <e2> team </e2> that defeated tournament favourites Croatia 6-4 in the final match .
Instrument-Agency(e1,e2)	This is made possible by unscrewing the three or four screws from the <e1> button </e1> used by the <e2> mouse </e2> .
Instrument-Agency(e1,e2)	After the <e1> swing </e1> is used by the <e2> wicket </e2> he could n't do anything .
Message-Topic(e2,e1)	Scattered among this <e1> streak </e1> reflects Celtic <e2> tigers </e2> are billions of euro loaned by Anglo Irish Bank over the past decade in a calculated play for lucrative returns .
Component-Whole(e2,e1)	Each club member flew his flock or <e1> kit </e1> comprises twenty <e2> pigeons </e2> , to be judged for twenty minutes .
Entity-Destination(e2,e1)	They weave fine cloth , and they use the <e1> down </e1> is located at <e2> water-sheep </e2> in making it ; it is called Hai-hsi-pu -LRB- cloth from the west of the sea -RRB- .
Instrument-Agency(e1,e2)	The red bead on the <e1> crank </e1> is used by the <e2> toy </e2> detaches , posing a choking hazard to young children .
Entity-Destination(e1,e2)	To strengthen , if needed , maybe some sinister reference to the <e1> pea </e1> is placed on a <e2> mattress </e2> .
Entity-Origin(e1,e2)	The <e1> climber </e1> obtained from a <e2> hook </e2> in each hand .
Component-Whole(e2,e1)	OPM and others have regularly bemoaned the failure of the SES to produce a <e1> corps </e1> comprises generalist <e2> executives </e2> - and have regularly suggested the removal from the SES of executives with technical or professional skills and competencies .
Product-Producer(e1,e2)	Several authors have inserted <e1> implants </e1> are produced by <e2> bone </e2> that have been subject to higher radiation doses .
Message-Topic(e1,e2)	It is a <e1> scrawl </e1> about an <e2> artist </e2> to portray that which can not be portrayed even on a canvas as big and large as the heavens .
Instrument-Agency(e2,e1)	The <e1> club </e1> utilizes 902 condominium <e2> homes </e2> each with a unique golf course or lake view .
Instrument-Agency(e1,e2)	Tim Boyle -LRB- 1846 -RRB- checks a <e1> flask </e1> that is used by <e2> powder </e2> .
Entity-Origin(e1,e2)	 <e1> Investments </e1> are funded by the <e2> light rail </e2> .
Member-Collection(e1,e2)	The <e1> jobs </e1> are part of the <e2> government </e2> .
Message-Topic(e1,e2)	When the <e1> word </e1> describes a <e2> paperboy </e2> , the town cheered .
Instrument-Agency(e1,e2)	 <e1> Electrolysis </e1> of the resulting mixture used by the <e2> reduction </e2> of the aluminum ions in the Al2O3 .
Message-Topic(e2,e1)	The <e1> book </e1> reflects the <e2> notion </e2> that men and women are as different as beings from other planets .
Entity-Destination(e1,e2)	A 15 minute <e1> plane </e1> is moved into a <e2> runway </e2> to terminal is uncommon .
Cause-Effect(e1,e2)	The contents of the <e1> cyst </e1> produces a foul smelling <e2> gas </e2> and white-green pus .
Product-Producer(e1,e2)	 <e1> Concrete </e1> is produced by <e2> cement </e2> , aggregates -LRB- gravel and crush - ed stones -RRB- and water .
Component-Whole(e2,e1)	Their dash raised a flock of morning doves and caused a <e1> scurry </e1> comprises ground <e2> squirrels </e2> into their holes .
Message-Topic(e1,e2)	A more coded <e1> reproof </e1> describes the <e2> chairman </e2> of parliament 's foreign affairs committee .
Message-Topic(e1,e2)	I have removed the <e1> bubbles </e1> are describing the glass <e2> tubes </e2> .
Component-Whole(e2,e1)	A <e1> flush </e1> comprises <e2> mallards </e2> splash and forage in melt-water on the parkland turf .
Message-Topic(e2,e1)	The approved fireworks exhibition <e1> rules </e1> are reflected in stricter display <e2> guidelines </e2> .
Content-Container(e2,e1)	The <e1> genome </e1> contains 4411529 base pairs , contains around 4000 <e2> genes </e2> , and has a very high guanine + cytosine content .
Instrument-Agency(e1,e2)	The purpose of this paper is to present an on-going research that constructs a live <e1> thesaurus </e1> is used by a <e2> logs </e2> of real-world search engines .
Instrument-Agency(e1,e2)	During a root canal , <e1> sodium hypochlorite </e1> is used by the <e2> tooth </e2> , and went through the tooth into the patient 's sinuses .
Message-Topic(e2,e1)	Here is another <e1> work </e1> reflects the creativity of a vital American <e2> composer </e2> .
Product-Producer(e1,e2)	His favorite <e1> wine </e1> was produced with the Loire Valley red wine <e2> grape </e2> .
Entity-Origin(e1,e2)	Too often , <e1> students </e1> are originating from alternative <e2> schools </e2> .
Cause-Effect(e1,e2)	 <e1> Billions </e1> contribute to <e2> nanotechnology </e2> in Europe .
Message-Topic(e2,e1)	The <e1> exhibition </e1> reflects the <e2> fight </e2> against the forces of nature that has been central to the history of Vasa ever since it sunk in 1628 .
Instrument-Agency(e1,e2)	The genreal <e1> anesthetic </e1> is used by <e2> insensibility </e2> to paid and are used for major surgical procedures .
Instrument-Agency(e1,e2)	Roots that cross over the <e1> trunk </e1> is used by a <e2> tree </e2> instead of growing outward are known as girdling roots and should be removed since they can choke trees .
Entity-Origin(e1,e2)	The <e1> detainee </e1> originated from a forged <e2> passport </e2> .
Component-Whole(e2,e1)	A statement of the boards , councils , committees and other <e1> bodies </e1> are comprised of two or more <e2> persons </e2> constituted as its part or for the purpose of its advice , and as to whether meetings of those boards , councils , committees and other bodies are open to the public , or the minutes of such meetings are accessible for public .
Instrument-Agency(e1,e2)	This means that current flowed out of the <e1> pin </e1> used by the <e2> microcontroller </e2> .
Instrument-Agency(e1,e2)	The <e1> pins </e1> are used by this <e2> socket </e2> are as thick as the pins of an IC .
Instrument-Agency(e1,e2)	Nails grow out of deep folds in the <e1> skin </e1> is used by the <e2> fingers </e2> and toes .
Instrument-Agency(e1,e2)	Poor hygiene controls , reports of a <e1> brace </e1> used by gamey <e2> grouse </e2> and what looked like a skinned fox all amounted to a pie that was unfit for human consumption .
Content-Container(e2,e1)	An expansion <e1> tank </e1> contains a vertically set up <e2> cylinder </e2> with a float therein , which forms a separating element between water and gas in the cylinder .
Instrument-Agency(e1,e2)	We report a rather unusual case of severe ocular injury caused by the <e1> shank </e1> is used by a <e2> fish hook </e2> .
Content-Container(e1,e2)	The <e1> picture </e1> is stored in the <e2> photo </e2> and inverted and this is what was found to be inside of this tiny looking orb .
Product-Producer(e1,e2)	The <e1> statute </e1> is produced by the six <e2> dominions </e2> which existed in 1931 .
Entity-Origin(e1,e2)	Remains from the Viking ship were reburied in an aluminium <e1> casket </e1> comes from a five-ton stone <e2> sarcophagus </e2> .
Instrument-Agency(e1,e2)	The northern half of the <e1> block </e1> is used by a <e2> parking structure </e2> with five levels .
Content-Container(e1,e2)	Governments and industries in nations around the world are pouring <e1> billions </e1> are represented in <e2> nanotechnology </e2> .
Instrument-Agency(e2,e1)	A <e1> dissimulation </e1> uses small <e2> birds </e2> arrived near our place last week and took over our tree outside .
Member-Collection(e1,e2)	She delivered a healthy <e1> boy </e1> joins this <e2> family </e2> .
Entity-Origin(e1,e2)	The <e1> hairdryer </e1> is from the <e2> desk drawer </e2> .
Entity-Origin(e1,e2)	Branton bridge <e1> solicitors </e1> work in the <e2> administration building </e2> .
Content-Container(e2,e1)	The <e1> kitchen </e1> houses various commercial equipment such as <e2> stoves </e2> , griddles , deep fryer , and an oven .
Content-Container(e1,e2)	The Trust strives to gather , protect and preserve aircraft and aviation <e1> memorabilia </e1> associated with bygone <e2> times </e2> especially material with a Bay of Plenty or New Zealand connection .
Component-Whole(e2,e1)	She is the village bank president for a village bank loan <e1> group </e1> comprises eight <e2> people </e2> .
Entity-Origin(e1,e2)	The weight of the <e1> pharmaceutical </e1> comes from a <e2> capsule </e2> is dependent on the volume of the channel in the dosage plate and the density of the pharmaceutical .
Entity-Destination(e1,e2)	An Amtrak <e1> passenger </e1> who alarmed fellow passengers by talking about terrorist threats on a cellphone was boarded on the <e2> train </e2> and is being held in Colorado .
Entity-Destination(e1,e2)	The <e1> prisoners </e1> are confined in an older part of the <e2> jail </e2> .
Product-Producer(e1,e2)	Most of the <e1> steam </e1> is produced by a volcano's <e2> magma </e2> .
Component-Whole(e2,e1)	One <e1> faction </e1> comprises a <e2> dragons </e2> , named the Netherwing , were attacked by the Dragonmaw orcs of Shadowmoon Valley and many were enslaved by Zuluhed , including the female Karynaku -LRB- mate of Neltharaku -RRB- who was leader of the brood .
Instrument-Agency(e2,e1)	Overall the <e1> guide </e1> uses creative and dynamic <e2> interactions </e2> .
Instrument-Agency(e2,e1)	The <e1> fireman </e1> uses <e2> report </e2> for the afternoon of January 11th stated the Banbury seam to be in good condition with no gas and good ventilation .
Content-Container(e1,e2)	We inserted some <e1> sound </e1> is embedded in the blackboard <e2> announcements </e2> .
Instrument-Agency(e1,e2)	The <e1> backpack </e1> is used by a <e2> social security number </e2> and other miscellaneous items .
Content-Container(e1,e2)	In an <e1> excerpt </e1> is contained in upcoming <e2> books </e2> , Andre Agassi says he took what he believes to be speed .
Instrument-Agency(e1,e2)	The candle <e1> wax </e1> is used by making <e2> candles </e2> of all types .
Content-Container(e1,e2)	But here is a <e1> jumper </e1> is worn in by a <e2> daughter </e2> -LRB- Antoinette -RRB- for her mother .
Content-Container(e1,e2)	The basement carpeting is made from recycled plastic pop bottles , and the <e1> underpad </e1> is made from automobile <e2> tires </e2> .
Cause-Effect(e1,e2)	The <e1> revolution </e1> leads to impassioned <e2> pleas </e2> condemning the common law for not respecting the interests of the people and calling for law reform .
Cause-Effect(e1,e2)	 <e1> Violence </e1> is causing this <e2> country </e2> to be affected. .
Instrument-Agency(e2,e1)	Another product from the <e1> factory </e1> uses the Scandinavian <e2> padlock </e2> -LRB- `` Polhem locks '' , Swedish : Polhemslas -RRB- .
Instrument-Agency(e2,e1)	The <e1> aristocracy </e1> uses the <e2> laws </e2> , regulated the monetary system and banks , enforced justice , and often controlled prices , wages , and other economic transactions .
Message-Topic(e2,e1)	As it did in 2004 , the <e1> event </e1> reflects the annual neural prosthesis <e2> workshop </e2> - now in its 36th year - and the DBS consortium .
Entity-Origin(e1,e2)	The <e1> cells </e1> originated from both upper <e2> layers </e2> .
Message-Topic(e1,e2)	We hear <e1> promises </e1> about our <e2> leaders </e2> of big change in the future , without any credible plans right now .